ID,Age,Gender,Promotion Class
0049557221,79,Female,Gold
0033956517,79,Female,Gold
0030769698,79,Female,Gold
0029737869,79,Female,Gold
0014976366,79,Female,Gold
0003900703,79,Female,Gold
0045195139,79,Female,Silver
0018251412,79,Female,Silver
0048164722,79,Male,Silver
0025389114,79,Male,Gold
0035154337,79,Male,Silver
0042559610,78,Female,Tin
0043773437,78,Female,Silver
0003469778,78,Female,Gold
0048665977,78,Female,Silver
0039155567,78,Female,Silver
0036182725,78,Female,Gold
0021306273,78,Female,Platinum
0011491884,78,Female,Silver
0016622642,78,Female,Silver
0010187979,78,Female,Tin
0026786826,78,Female,Silver
0005736242,78,Female,Silver
0024107158,78,Female,Silver
0030471249,78,Male,Gold
0006509541,78,Male,Silver
0028345959,78,Male,Tin
0033243723,78,Male,Silver
0050238237,78,U,Gold
0039954354,77,Female,Silver
0052528585,77,Female,Silver
0011751894,77,Female,Silver
0035894187,77,Female,Platinum
0029709369,77,Female,Silver
0044350580,77,Female,Silver
0036798394,77,Female,Silver
0007192312,77,Female,Gold
0007420668,77,Female,Gold
0009948961,77,Male,Silver
0029897084,77,Male,Silver
0030544807,77,Male,Silver
0005833787,77,Male,Gold
0013332856,77,U,Silver
0018891713,77,U,Gold
0025063952,76,Female,Gold
0007997035,76,Female,Silver
0050804429,76,Female,Silver
0028900340,76,Female,Platinum
0040530096,76,Female,Tin
0045229475,76,Female,Silver
0018852890,76,Female,Gold
0038892193,76,Female,Silver
0028235940,76,Female,Gold
0013135406,76,Female,Silver
0010890173,76,Female,Gold
0035054227,76,Female,Gold
0001438069,76,Female,Gold
0007942435,76,Male,Silver
0052783828,76,Male,Gold
0013147234,76,Male,Gold
0027356574,76,Male,Tin
0010209182,76,Male,Gold
0003531090,76,Male,Silver
0027620174,76,Male,Tin
0010078207,76,U,Gold
0006955991,76,U,Silver
0036407859,76,U,Platinum
0001219553,76,U,Gold
0012450189,76,U,Gold
0003464601,75,Female,Tin
0032780911,75,Female,Gold
0051007670,75,Female,Gold
0025774611,75,Female,Silver
0029956137,75,Female,Tin
0035276807,75,Female,Platinum
0041761890,75,Female,Silver
0027388921,75,Female,Platinum
0029917077,75,Female,Silver
0006545440,75,Female,Gold
0034003416,75,Female,Silver
0005626048,75,Male,Silver
0045043924,75,Male,Gold
0035337679,75,Male,Gold
0038131206,75,Male,Gold
0012748161,75,Male,Tin
0046526236,75,Male,Gold
0032811272,75,Male,Silver
0014528800,75,U,Gold
0003618641,74,Female,Gold
0011427825,74,Female,Gold
0006432042,74,Female,Silver
0051053290,74,Female,Silver
0046576012,74,Female,Silver
0029360978,74,Female,Platinum
0039492628,74,Female,Tin
0029709148,74,Female,Gold
0020833644,74,Female,Gold
0013202375,74,Female,Gold
0035238360,74,Female,Gold
0011895454,74,Female,Silver
0047245400,74,Male,Gold
0008409633,74,Male,Gold
0029132088,74,Male,Silver
0006554539,74,Male,Platinum
0000749044,74,U,Gold
0010725393,74,U,Platinum
0035366393,74,U,Tin
0029424739,74,U,Silver
0006201385,73,Female,Silver
0039340402,73,Female,Gold
0032962807,73,Female,Gold
0047727197,73,Female,Silver
0041622563,73,Female,Silver
0050582299,73,Female,Silver
0045482073,73,Female,Gold
0047256372,73,Female,Gold
0049491123,73,Female,Tin
0014484498,73,Female,Silver
0027067947,73,Female,Silver
0029889286,73,Female,Gold
0045073866,73,Female,Platinum
0017105625,73,Female,Gold
0040851887,73,Female,Gold
0025893394,73,Female,Gold
0030415926,73,Male,Gold
0046765230,73,Male,Gold
0034279829,73,U,Silver
0003758842,72,Female,Silver
0045393895,72,Female,Gold
0013183648,72,Female,Tin
0034790337,72,Female,Tin
0051419820,72,Female,Tin
0016965396,72,Female,Silver
0010286551,72,Female,Gold
0017837936,72,Female,Silver
0030481406,72,Female,Tin
0046090942,72,Female,Gold
0025489216,72,Female,Silver
0044268582,72,Female,Silver
0052049377,72,Female,Silver
0024612200,72,Female,Gold
0030371910,72,Female,Gold
0035916954,72,Male,Gold
0010141928,72,Male,Silver
0007401183,72,Male,Platinum
0020884591,72,Male,Gold
0006430031,72,Male,Silver
0031794951,72,Male,Gold
0048728111,72,Male,Gold
0040368949,71,Female,Silver
0044850222,71,Female,Platinum
0009710906,71,Female,Silver
0003775798,71,Female,Silver
0045200230,71,Female,Gold
0006313779,71,Female,Platinum
0037334162,71,Female,Gold
0045364178,71,Female,Silver
0037688177,71,Female,Silver
0007992513,71,Female,Silver
0008770972,71,Female,Gold
0003541401,71,Female,Silver
0003749355,71,Female,Gold
0032830994,71,Female,Gold
0015734897,71,Female,Gold
0008599661,71,Male,Gold
0028835670,71,Male,Gold
0044928280,71,Male,Gold
0007406711,71,U,Platinum
0033511612,71,U,Silver
0015514137,71,U,Silver
0035793852,71,U,Silver
0036028092,70,Female,Gold
0016966554,70,Female,Gold
0013450492,70,Female,Platinum
0033270445,70,Female,Silver
0001128353,70,Female,Silver
0033518030,70,Female,Gold
0015534251,70,Female,Gold
0052837057,70,Female,Gold
0033968965,70,Female,Silver
0045552543,70,Female,Tin
0035061150,70,Female,Gold
0002981033,70,Female,Gold
0021851492,70,Female,Gold
0030906245,70,Male,Gold
0016433688,70,Male,Gold
0033728255,70,Male,Silver
0047504414,70,Male,Tin
0050729320,70,Male,Silver
0031921090,70,Male,Silver
0029254418,70,Male,Silver
0029010934,70,Male,Silver
0031417970,70,Male,Silver
0017410940,70,Male,Platinum
0037295434,70,U,Silver
0017046491,70,U,Silver
0044571641,69,Female,Silver
0041508426,69,Female,Gold
0031596491,69,Female,Gold
0009561188,69,Female,Gold
0017881811,69,Female,Gold
0036916320,69,Female,Platinum
0033829353,69,Female,Silver
0020976496,69,Female,Tin
0035965882,69,Female,Gold
0029512271,69,Female,Gold
0037463035,69,Male,Silver
0040803238,69,Male,Silver
0039855968,69,Male,Silver
0023082666,69,Male,Silver
0018824536,69,Male,Silver
0030145929,69,Male,Tin
0025472631,69,U,Platinum
0038114794,69,U,Silver
0003679535,69,U,Silver
0006749097,69,U,Gold
0031577012,69,U,Gold
0035750355,69,U,Gold
0050274527,69,U,Silver
0050619443,68,Female,Silver
0048226345,68,Female,Silver
0003697630,68,Female,Gold
0010228438,68,Female,Tin
0035107860,68,Female,Silver
0004461622,68,Female,Gold
0037425249,68,Female,Silver
0011023821,68,Female,Gold
0002397285,68,Female,Silver
0035478418,68,Female,Tin
0007647123,68,Female,Gold
0018065783,68,Female,Gold
0034262403,68,Female,Platinum
0038175165,68,Female,Silver
0026429217,68,Female,Gold
0004465075,68,Female,Silver
0028729021,68,Male,Silver
0049165900,68,Male,Gold
0052710480,68,Male,Silver
0009779981,68,Male,Gold
0049223056,68,Male,Gold
0031386640,68,Male,Silver
0025519905,68,Male,Silver
0038309471,68,Male,Gold
0018904793,68,Male,Gold
0040607013,68,Male,Gold
0034816034,68,U,Gold
0052051371,68,U,Gold
0028558146,68,U,Silver
0046770382,67,Female,Gold
0052717701,67,Female,Gold
0007246250,67,Female,Platinum
0018685358,67,Female,Gold
0010087699,67,Female,Tin
0025884840,67,Female,Tin
0018210740,67,Female,Gold
0029825598,67,Female,Tin
0027394735,67,Female,Gold
0036048646,67,Female,Silver
0031959420,67,Female,Silver
0042312436,67,Female,Silver
0031914590,67,Female,Platinum
0010605096,67,Female,Silver
0035571450,67,Female,Gold
0013683926,67,Female,Gold
0018988547,67,Female,Gold
0038948750,67,Female,Silver
0023898364,67,Female,Silver
0034188424,67,Female,Tin
0049186401,67,Female,Silver
0020097549,67,Female,Silver
0034582696,67,Female,Gold
0030649161,67,Female,Silver
0052390680,67,Female,Platinum
0006868584,67,Female,Gold
0049435070,67,Female,Silver
0041032227,67,Female,Silver
0009125442,67,Female,Gold
0002744937,67,Male,Gold
0000397660,67,Male,Gold
0047538203,67,Male,Silver
0003667693,67,Male,Silver
0052433070,67,Male,Silver
0014581590,67,Male,Gold
0012174831,67,Male,Silver
0028519728,67,Male,Gold
0009026142,67,Male,Silver
0046451970,67,U,Silver
0010509976,67,U,Gold
0041195789,67,U,Gold
0042301574,67,U,Silver
0003797333,66,Female,Silver
0038807196,66,Female,Gold
0011028416,66,Female,Gold
0039432811,66,Female,Gold
0030210461,66,Female,Silver
0046432800,66,Female,Silver
0026282887,66,Female,Tin
0042336378,66,Female,Silver
0044427915,66,Female,Gold
0017371481,66,Female,Gold
0052253217,66,Female,Gold
0015716678,66,Female,Tin
0046410173,66,Female,Gold
0013639072,66,Female,Gold
0033434162,66,Female,Gold
0020172001,66,Female,Gold
0012178616,66,Female,Silver
0025746294,66,Female,Silver
0030097835,66,Male,Gold
0043293362,66,Male,Gold
0003753859,66,Male,Silver
0009782125,66,Male,Gold
0034179590,66,Male,Silver
0035663517,66,Male,Silver
0014102390,66,Male,Silver
0029854881,66,Male,Gold
0038095897,66,Male,Platinum
0015023834,66,U,Gold
0007099940,66,U,Silver
0027726576,66,U,Platinum
0032494943,66,U,Gold
0004541359,66,U,Tin
0012164089,65,Female,Tin
0035531874,65,Female,Platinum
0015098710,65,Female,Silver
0003817156,65,Female,Tin
0013125338,65,Female,Gold
0052735548,65,Female,Silver
0014671220,65,Female,Gold
0010217150,65,Female,Silver
0013847899,65,Female,Silver
0033048629,65,Female,Gold
0018603572,65,Female,Gold
0008976783,65,Female,Gold
0031374944,65,Female,Silver
0043615165,65,Female,Gold
0017017718,65,Female,Silver
0046129628,65,Female,Silver
0040157590,65,Female,Platinum
0034418578,65,Female,Tin
0017211204,65,Female,Gold
0004491874,65,Female,Gold
0023315792,65,Female,Silver
0039282682,65,Female,Gold
0046730747,65,Female,Gold
0045618560,65,Female,Tin
0034668876,65,Female,Silver
0009231579,65,Female,Tin
0034302901,65,Female,Silver
0009686541,65,Female,Gold
0044107970,65,Male,Gold
0009788565,65,Male,Silver
0029878853,65,Male,Silver
0019921926,65,Male,Silver
0026218925,65,Male,Gold
0032838685,65,Male,Silver
0003465624,65,Male,Gold
0028872576,65,Male,Gold
0042065854,65,Male,Tin
0030399882,65,Male,Silver
0042570443,65,Male,Gold
0010184716,65,Male,Gold
0000666238,65,Male,Gold
0017391067,65,Male,Silver
0026599783,65,Male,Silver
0036444541,65,Male,Silver
0034730881,65,U,Gold
0006584675,65,U,Silver
0026840693,64,Female,Silver
0007534671,64,Female,Tin
0005893992,64,Female,Gold
0008530378,64,Female,Gold
0009801154,64,Female,Silver
0034977526,64,Female,Gold
0004671791,64,Female,Gold
0003594416,64,Female,Gold
0010006958,64,Female,Gold
0028314689,64,Female,Gold
0037498823,64,Female,Platinum
0028514335,64,Female,Silver
0034346909,64,Female,Gold
0034197164,64,Female,Silver
0003759040,64,Female,Gold
0045660915,64,Female,Gold
0003836916,64,Female,Tin
0013739409,64,Male,Gold
0033826907,64,Male,Silver
0044610388,64,Male,Gold
0034500541,64,Male,Gold
0014943824,64,Male,Gold
0001524712,64,Male,Gold
0027652262,64,Male,Silver
0010962190,64,Male,Gold
0028296796,64,U,Silver
0029407656,64,U,Silver
0006789765,64,U,Silver
0042369632,64,U,Tin
0010878971,63,Female,Silver
0003701123,63,Female,Gold
0034639019,63,Female,Silver
0027240061,63,Female,Gold
0016173090,63,Female,Gold
0028288548,63,Female,Platinum
0018770878,63,Female,Tin
0012514861,63,Female,Gold
0030124018,63,Female,Gold
0006539742,63,Female,Tin
0002115328,63,Female,Gold
0035575430,63,Female,Silver
0008371881,63,Female,Tin
0028474325,63,Female,Gold
0029505577,63,Female,Gold
0044386640,63,Female,Silver
0044946637,63,Female,Silver
0045177890,63,Female,Gold
0031344917,63,Female,Gold
0050537315,63,Female,Tin
0026002922,63,Female,Silver
0046039882,63,Female,Gold
0048103537,63,Female,Silver
0027831264,63,Female,Silver
0004407873,63,Female,Tin
0003923959,63,Female,Tin
0003899012,63,Female,Silver
0014821656,63,Male,Platinum
0015512657,63,Male,Silver
0052713188,63,Male,Gold
0031963346,63,Male,Gold
0046995775,63,Male,Gold
0006690416,63,Male,Silver
0041332174,63,Male,Tin
0035750819,63,Male,Silver
0014178060,63,Male,Gold
0001091085,63,Male,Gold
0047317762,63,U,Platinum
0027723623,63,U,Tin
0021143390,63,U,Silver
0028986911,63,U,Gold
0009959823,62,Female,Gold
0003604152,62,Female,Gold
0046348168,62,Female,Gold
0018507565,62,Female,Gold
0039206498,62,Female,Platinum
0006666353,62,Female,Silver
0009486151,62,Female,Gold
0033913630,62,Female,Silver
0003666034,62,Female,Gold
0022245227,62,Female,Silver
0024968897,62,Female,Gold
0050529690,62,Female,Silver
0035540180,62,Female,Platinum
0027868745,62,Female,Silver
0010096450,62,Female,Gold
0012048941,62,Female,Silver
0001917439,62,Female,Gold
0035523782,62,Female,Tin
0029304903,62,Female,Silver
0015400581,62,Female,Silver
0039986671,62,Female,Silver
0010132740,62,Female,Platinum
0035258817,62,Male,Silver
0007933851,62,Male,Silver
0033764251,62,Male,Tin
0010034293,62,Male,Gold
0052338140,62,Male,Silver
0007926855,62,Male,Gold
0046961897,62,Male,Gold
0045378080,62,Male,Silver
0048866514,62,Male,Silver
0005537223,62,Male,Gold
0052643554,62,Male,Tin
0023574143,62,Male,Gold
0011640936,62,Male,Gold
0013360019,62,Male,Tin
0001523775,62,Male,Gold
0047368480,62,U,Gold
0023204923,61,Female,Silver
0033849230,61,Female,Gold
0003900827,61,Female,Tin
0018117643,61,Female,Silver
0043843257,61,Female,Silver
0048527566,61,Female,Silver
0016508114,61,Female,Silver
0015203964,61,Female,Silver
0035294465,61,Female,Gold
0012846147,61,Female,Gold
0033986440,61,Female,Platinum
0001408038,61,Female,Silver
0025539604,61,Female,Silver
0003535614,61,Female,Silver
0017117690,61,Female,Gold
0034051844,61,Female,Silver
0015211045,61,Female,Silver
0029790956,61,Female,Silver
0033537034,61,Female,Gold
0015428648,61,Female,Gold
0028606418,61,Female,Silver
0035291040,61,Female,Silver
0003882608,61,Female,Gold
0006721338,61,Female,Platinum
0031728371,61,Female,Silver
0034553319,61,Female,Gold
0049694806,61,Female,Tin
0030296579,61,Female,Tin
0040636617,61,Female,Silver
0052478111,61,Female,Silver
0007879253,61,Female,Silver
0043297430,61,Female,Gold
0006497845,61,Male,Gold
0040298703,61,Male,Silver
0017093996,61,Male,Gold
0016295234,61,Male,Platinum
0011360283,61,Male,Silver
0023666331,61,Male,Gold
0044625296,61,Male,Silver
0051102169,61,Male,Silver
0033762747,61,Male,Silver
0017431514,61,Male,Gold
0050213846,61,Male,Gold
0015778312,61,Male,Gold
0017158478,61,Male,Gold
0042865540,61,U,Silver
0042072656,61,U,Gold
0033370040,61,U,Silver
0051253302,61,U,Silver
0017834015,61,U,Gold
0026026031,60,Female,Gold
0030846250,60,Female,Tin
0036684798,60,Female,Tin
0044520702,60,Female,Silver
0046265890,60,Female,Gold
0048579388,60,Female,Silver
0017747627,60,Female,Silver
0006675530,60,Female,Tin
0005914906,60,Female,Gold
0033611226,60,Female,Gold
0025224972,60,Female,Gold
0029264324,60,Female,Gold
0009985247,60,Female,Tin
0008596433,60,Female,Silver
0029289807,60,Female,Silver
0005921422,60,Female,Tin
0013895230,60,Female,Silver
0014591545,60,Female,Gold
0031570948,60,Female,Tin
0022527834,60,Female,Gold
0012833312,60,Female,Silver
0003904881,60,Male,Gold
0014387174,60,Male,Gold
0020393458,60,Male,Tin
0008917590,60,Male,Gold
0032730248,60,Male,Gold
0003923150,60,Male,Gold
0051349148,60,Male,Gold
0013797530,60,Male,Platinum
0010086625,60,Male,Tin
0042159344,60,Male,Silver
0045709477,60,Male,Gold
0026775468,60,Male,Silver
0006667252,60,Male,Gold
0052703344,60,Male,Gold
0052589371,60,Male,Silver
0009833439,60,U,Gold
0041656441,60,U,Silver
0045485137,60,U,Silver
0033732643,59,Female,Gold
0013397966,59,Female,Silver
0033470495,59,Female,Gold
0045064530,59,Female,Tin
0035527443,59,Female,Silver
0015238857,59,Female,Gold
0031521734,59,Female,Gold
0045819841,59,Female,Silver
0037237620,59,Female,Tin
0026938480,59,Female,Silver
0001745654,59,Female,Tin
0029396301,59,Female,Gold
0027704769,59,Female,Silver
0017077583,59,Female,Silver
0027832171,59,Female,Tin
0028865383,59,Female,Silver
0047641969,59,Female,Gold
0028171896,59,Female,Gold
0029386268,59,Female,Tin
0024833398,59,Female,Silver
0043780760,59,Female,Silver
0043880985,59,Female,Gold
0046491246,59,Female,Tin
0012680915,59,Female,Silver
0024239356,59,Female,Gold
0019698453,59,Female,Silver
0031805473,59,Female,Silver
0008158541,59,Female,Gold
0029801133,59,Female,Tin
0003533069,59,Female,Silver
0018835120,59,Female,Gold
0016391829,59,Female,Silver
0038184164,59,Male,Silver
0029117119,59,Male,Silver
0047714982,59,Male,Silver
0035546740,59,Male,Gold
0034780153,59,Male,Gold
0049510896,59,Male,Tin
0013854747,59,Male,Silver
0035067442,59,Male,Silver
0021335303,59,Male,Tin
0011081724,59,Male,Gold
0050804941,59,Male,Tin
0046777662,59,Male,Silver
0047178231,59,Male,Silver
0046140443,59,Male,Platinum
0031716934,59,U,Silver
0043478060,58,Female,Gold
0030195101,58,Female,Tin
0023741910,58,Female,Silver
0016073231,58,Female,Tin
0033911645,58,Female,Gold
0003936511,58,Female,Tin
0000421979,58,Female,Silver
0025632132,58,Female,Silver
0020360053,58,Female,Silver
0007615361,58,Female,Silver
0030162548,58,Female,Silver
0049003030,58,Female,Gold
0032993427,58,Female,Gold
0034476950,58,Female,Gold
0017897777,58,Female,Silver
0034288038,58,Female,Tin
0029973341,58,Female,Silver
0017256100,58,Female,Tin
0046288866,58,Female,Silver
0029904676,58,Female,Gold
0003516601,58,Female,Silver
0034306389,58,Female,Gold
0034126704,58,Male,Gold
0006789315,58,Male,Platinum
0002303191,58,Male,Silver
0028810376,58,Male,Silver
0009796673,58,Male,Gold
0015148793,58,Male,Gold
0046434820,58,Male,Silver
0050345289,58,Male,Tin
0024205435,58,Male,Silver
0051115546,58,U,Silver
0035915931,58,U,Tin
0011898860,58,U,Tin
0006964443,58,U,Tin
0050153134,58,U,Tin
0012315087,57,Female,Gold
0017357322,57,Female,Gold
0034963410,57,Female,Tin
0009311106,57,Female,Tin
0037956074,57,Female,Silver
0035328726,57,Female,Silver
0029748402,57,Female,Gold
0048644503,57,Female,Gold
0042746886,57,Female,Silver
0013646516,57,Female,Gold
0047396417,57,Female,Platinum
0009850465,57,Female,Tin
0034719640,57,Female,Gold
0029774187,57,Female,Tin
0012860646,57,Female,Gold
0032644430,57,Female,Silver
0034471835,57,Female,Gold
0049685408,57,Female,Silver
0039509806,57,Female,Tin
0029638232,57,Female,Silver
0013970984,57,Male,Tin
0052383129,57,Male,Silver
0008671982,57,Male,Silver
0042894028,57,Male,Gold
0031579996,57,Male,Silver
0007869592,57,Male,Silver
0029451248,57,Male,Tin
0027501566,57,Male,Silver
0028977653,57,Male,Silver
0027813290,57,Male,Silver
0001339389,57,Male,Silver
0031994349,57,Male,Gold
0012970239,57,Male,Silver
0007120028,57,Male,Silver
0002350696,57,U,Silver
0028309677,57,U,Tin
0003716201,57,U,Silver
0040863893,57,U,Silver
0011346760,56,Female,Gold
0000641022,56,Female,Tin
0014753820,56,Female,Silver
0038390910,56,Female,Gold
0008991154,56,Female,Silver
0045464350,56,Female,Tin
0033879997,56,Female,Gold
0045075885,56,Female,Tin
0021805873,56,Female,Silver
0030445078,56,Female,Silver
0035840990,56,Female,Gold
0022989889,56,Female,Silver
0050366880,56,Female,Gold
0007807147,56,Female,Gold
0012623083,56,Female,Silver
0006957250,56,Female,Silver
0047879612,56,Female,Silver
0008491798,56,Female,Gold
0001815989,56,Female,Tin
0012978620,56,Female,Tin
0003906477,56,Female,Tin
0039708310,56,Female,Silver
0004704886,56,Female,Tin
0046788982,56,Female,Tin
0051400194,56,Female,Tin
0048376770,56,Female,Silver
0002879999,56,Female,Silver
0018647456,56,Female,Silver
0028316258,56,Male,Silver
0010237356,56,Male,Tin
0044765934,56,Male,Tin
0038650777,56,Male,Silver
0015182436,56,Male,Silver
0041335580,56,Male,Tin
0033034156,56,Male,Silver
0029660823,56,U,Gold
0031737222,56,U,Tin
0003534618,56,U,Gold
0035957120,56,U,Gold
0018336663,55,Female,Gold
0037146773,55,Female,Gold
0004093860,55,Female,Silver
0022700463,55,Female,Tin
0043452649,55,Female,Gold
0038040413,55,Female,Tin
0022776753,55,Female,Gold
0030525756,55,Female,Platinum
0015435881,55,Female,Silver
0044176068,55,Female,Tin
0009608915,55,Female,Silver
0032852971,55,Female,Silver
0008280290,55,Female,Silver
0007288387,55,Female,Silver
0025139347,55,Female,Silver
0010223754,55,Female,Tin
0035190368,55,Female,Gold
0045547922,55,Female,Silver
0026325284,55,Female,Gold
0038163574,55,Female,Silver
0044980479,55,Female,Silver
0029349192,55,Female,Gold
0035662766,55,Female,Gold
0030178819,55,Female,Silver
0048045502,55,Female,Tin
0025519484,55,Female,Silver
0009486305,55,Male,Gold
0042726818,55,Male,Gold
0018361951,55,Male,Gold
0029429293,55,Male,Silver
0045368262,55,Male,Silver
0014941465,55,Male,Silver
0042040908,55,Male,Tin
0033026765,55,Male,Gold
0013734024,55,Male,Silver
0052575729,55,Male,Gold
0006873286,55,Male,Platinum
0010081968,55,Male,Silver
0006539572,55,Male,Tin
0044043378,55,Male,Silver
0045000931,55,Male,Tin
0012792683,55,Male,Tin
0003983374,55,Male,Tin
0007213514,55,Male,Silver
0009843086,55,Male,Tin
0003794377,55,U,Tin
0046329180,55,U,Tin
0018324959,55,U,Silver
0034422168,54,Female,Gold
0003718913,54,Female,Tin
0052094186,54,Female,Tin
0038541480,54,Female,Silver
0025132482,54,Female,Silver
0044019620,54,Female,Silver
0006239056,54,Female,Tin
0052125405,54,Female,Gold
0046406524,54,Female,Gold
0009531483,54,Female,Silver
0023307846,54,Female,Tin
0027544257,54,Female,Gold
0001002422,54,Female,Tin
0008977968,54,Female,Gold
0021416850,54,Female,Silver
0028568745,54,Female,Gold
0047617049,54,Female,Gold
0007940653,54,Female,Tin
0009967419,54,Female,Tin
0004045467,54,Female,Silver
0037375578,54,Female,Tin
0037018260,54,Female,Silver
0031827469,54,Female,Gold
0025480588,54,Female,Silver
0038915630,54,Female,Gold
0027307174,54,Female,Gold
0015020843,54,Female,Silver
0000113743,54,Female,Silver
0006736564,54,Male,Gold
0052642485,54,Male,Silver
0034082057,54,Male,Tin
0013383450,54,Male,Silver
0048014771,54,Male,Gold
0049261047,54,Male,Silver
0006518648,54,Male,Silver
0044694166,54,Male,Gold
0018764347,54,Male,Tin
0029283035,54,Male,Silver
0008307172,54,U,Silver
0006803849,54,U,Gold
0039611414,54,U,Silver
0042293210,54,U,Silver
0007294182,53,Female,Tin
0030029384,53,Female,Silver
0022468927,53,Female,Tin
0044422263,53,Female,Silver
0016159705,53,Female,Gold
0036039752,53,Female,Gold
0027330486,53,Female,Gold
0012966479,53,Female,Silver
0036773618,53,Female,Silver
0042522678,53,Female,Tin
0052442753,53,Female,Tin
0037611468,53,Female,Platinum
0048154794,53,Female,Gold
0009602151,53,Female,Silver
0052677394,53,Female,Gold
0025752626,53,Female,Silver
0004395808,53,Female,Silver
0010216383,53,Female,Silver
0012990566,53,Female,Tin
0006840655,53,Female,Silver
0027579182,53,Female,Silver
0051342615,53,Female,Silver
0009497307,53,Female,Tin
0052618762,53,Female,Silver
0015439453,53,Female,Tin
0050753492,53,Female,Gold
0041343451,53,Female,Silver
0013582577,53,Female,Silver
0016098846,53,Female,Gold
0038171003,53,Female,Gold
0022348271,53,Male,Gold
0024603619,53,Male,Silver
0003768465,53,Male,Silver
0000870307,53,Male,Gold
0013067826,53,Male,Tin
0010585869,53,Male,Tin
0017613973,53,Male,Gold
0012916056,53,Male,Gold
0039844222,53,Male,Gold
0033737246,53,Male,Tin
0031907667,53,Male,Tin
0009515364,53,Male,Gold
0009686223,53,Male,Silver
0029520312,53,Male,Gold
0050186598,53,Male,Silver
0003741826,53,U,Tin
0040682520,53,U,Silver
0033604289,53,U,Tin
0035152822,53,U,Tin
0032708005,53,U,Silver
0003700879,53,U,Tin
0033801556,52,Female,Gold
0026690519,52,Female,Silver
0047440793,52,Female,Gold
0033788355,52,Female,Silver
0034250642,52,Female,Tin
0044352621,52,Female,Tin
0025247956,52,Female,Gold
0015572994,52,Female,Silver
0024799440,52,Female,Gold
0050232158,52,Female,Gold
0003614077,52,Female,Silver
0003634698,52,Female,Gold
0039213702,52,Female,Tin
0003933555,52,Female,Gold
0004282752,52,Female,Silver
0006951503,52,Female,Silver
0009833102,52,Female,Tin
0051203658,52,Female,Gold
0009852247,52,Female,Tin
0048169961,52,Female,Silver
0048376240,52,Female,Gold
0013332813,52,Female,Gold
0009720693,52,Female,Tin
0001263749,52,Male,Tin
0036206527,52,Male,Tin
0035387080,52,Male,Silver
0031662109,52,Male,Gold
0027546551,52,Male,Silver
0009863133,52,Male,Gold
0010262229,52,Male,Silver
0039010976,52,Male,Tin
0000154040,52,Male,Tin
0044537087,52,Male,Tin
0009826777,52,Male,Silver
0047177189,52,Male,Silver
0003666816,52,Male,Gold
0018212026,52,Male,Gold
0048498892,52,Male,Silver
0014665875,52,Male,Gold
0044722828,52,Male,Tin
0035754792,52,Male,Gold
0005538947,52,Male,Tin
0023830425,52,U,Gold
0051037812,52,U,Tin
0034237085,52,U,Silver
0017117399,52,U,Gold
0034843805,52,U,Silver
0006687792,51,Female,Silver
0017908531,51,Female,Gold
0047745128,51,Female,Tin
0000301981,51,Female,Gold
0043465619,51,Female,Gold
0044704773,51,Female,Silver
0041574879,51,Female,Silver
0031397790,51,Female,Platinum
0052043590,51,Female,Silver
0048949266,51,Female,Silver
0021169470,51,Female,Silver
0039234157,51,Female,Tin
0048820760,51,Female,Gold
0008845336,51,Female,Silver
0031596785,51,Female,Silver
0032861270,51,Female,Silver
0004187601,51,Female,Tin
0018067859,51,Female,Silver
0015580806,51,Female,Gold
0029865115,51,Female,Silver
0043081888,51,Female,Gold
0010482547,51,Female,Silver
0015299910,51,Female,Tin
0026832747,51,Female,Tin
0007352565,51,Female,Tin
0046638328,51,Female,Tin
0025116932,51,Female,Tin
0029167744,51,Female,Gold
0034756937,51,Female,Tin
0047619050,51,Female,Tin
0005747856,51,Female,Tin
0028337492,51,Female,Tin
0003576523,51,Female,Silver
0017308593,51,Female,Tin
0018547273,51,Female,Silver
0033965117,51,Female,Gold
0051264630,51,Female,Tin
0011573228,51,Female,Silver
0030004462,51,Female,Gold
0007066678,51,Male,Tin
0019583664,51,Male,Silver
0024819719,51,Male,Tin
0031571693,51,Male,Silver
0014038447,51,Male,Tin
0052443504,51,Male,Silver
0028865782,51,Male,Silver
0003526224,51,Male,Tin
0017862698,51,Male,Tin
0034116873,51,Male,Gold
0007523440,51,Male,Silver
0029859751,51,Male,Silver
0001164910,51,Male,Tin
0040897852,51,Male,Tin
0017790255,51,Male,Silver
0003918939,51,Male,Platinum
0000126098,51,U,Gold
0032792480,51,U,Tin
0042280410,51,U,Silver
0003662187,51,U,Gold
0050331288,51,U,Silver
0035137327,51,U,Silver
0042995681,51,U,Silver
0045240274,51,U,Gold
0003613364,50,Female,Gold
0039599570,50,Female,Silver
0034526281,50,Female,Tin
0044408783,50,Female,Silver
0013868446,50,Female,Silver
0011118652,50,Female,Silver
0049885938,50,Female,Silver
0035244484,50,Female,Tin
0008570507,50,Female,Silver
0009771530,50,Female,Gold
0006397905,50,Female,Gold
0014641267,50,Female,Silver
0031772478,50,Female,Tin
0014289725,50,Female,Silver
0052637686,50,Female,Gold
0035417125,50,Female,Silver
0045418626,50,Female,Tin
0018025927,50,Female,Silver
0019954484,50,Female,Silver
0033769970,50,Female,Tin
0044426331,50,Female,Silver
0041648058,50,Female,Silver
0040972030,50,Female,Silver
0041245913,50,Female,Silver
0014464543,50,Female,Gold
0008285527,50,Female,Tin
0000109819,50,Female,Gold
0042436976,50,Female,Tin
0029899060,50,Female,Silver
0028906349,50,Female,Gold
0003752550,50,Female,Silver
0024107352,50,Female,Gold
0014619326,50,Female,Silver
0018089518,50,Female,Silver
0008428921,50,Female,Gold
0028662202,50,Male,Gold
0035689346,50,Male,Gold
0022987401,50,Male,Tin
0036210770,50,Male,Silver
0000170127,50,Male,Silver
0049271158,50,Male,Tin
0008410054,50,Male,Tin
0003588122,50,Male,Silver
0028389042,50,Male,Tin
0016248589,50,Male,Silver
0040875719,50,Male,Tin
0008371504,50,Male,Silver
0042160970,50,Male,Tin
0005807670,50,Male,Gold
0042451380,50,Male,Tin
0008046190,50,Male,Gold
0016463889,50,Male,Silver
0046938542,50,Male,Gold
0029975840,50,Male,Gold
0023031921,50,Male,Tin
0010100504,50,Male,Gold
0006650074,50,Male,Tin
0031621127,50,U,Gold
0033086750,50,U,Tin
0046347641,50,U,Tin
0003781674,50,U,Silver
0011607785,50,U,Tin
0033780141,49,Female,Gold
0039833018,49,Female,Silver
0050898024,49,Female,Gold
0025203711,49,Female,Gold
0026930684,49,Female,Gold
0010203834,49,Female,Silver
0034676275,49,Female,Tin
0052590396,49,Female,Silver
0050908240,49,Female,Silver
0044865068,49,Female,Silver
0029118166,49,Female,Tin
0012040002,49,Female,Tin
0030317223,49,Female,Silver
0013341642,49,Female,Silver
0018340474,49,Female,Gold
0012128422,49,Female,Gold
0047328764,49,Female,Tin
0028559215,49,Female,Gold
0013778048,49,Female,Gold
0013952471,49,Female,Tin
0007273932,49,Female,Tin
0007525575,49,Female,Tin
0029399661,49,Female,Gold
0002991403,49,Female,Silver
0023643269,49,Female,Tin
0030208904,49,Male,Tin
0010058605,49,Male,Tin
0017768985,49,Male,Tin
0028511883,49,Male,Gold
0030438446,49,Male,Gold
0010566643,49,Male,Silver
0007142846,49,Male,Gold
0034563497,49,Male,Gold
0028236521,49,Male,Silver
0034606013,49,Male,Gold
0003606023,49,Male,Silver
0030241545,49,Male,Tin
0003777057,49,U,Gold
0008986320,49,U,Tin
0044230763,49,U,Silver
0042921424,49,U,Silver
0003634302,49,U,Gold
0010924183,48,Female,Silver
0008762708,48,Female,Tin
0038932420,48,Female,Silver
0046525612,48,Female,Silver
0035131345,48,Female,Silver
0008192340,48,Female,Tin
0030379962,48,Female,Silver
0030109124,48,Female,Silver
0050478220,48,Female,Silver
0007240201,48,Female,Tin
0007547625,48,Female,Tin
0018737730,48,Female,Silver
0010149228,48,Female,Tin
0025553801,48,Female,Tin
0030046645,48,Female,Gold
0031902487,48,Female,Gold
0008651787,48,Female,Silver
0039627515,48,Female,Tin
0038222147,48,Female,Silver
0035013520,48,Female,Gold
0006691617,48,Female,Silver
0030767539,48,Female,Tin
0009497935,48,Female,Tin
0047338557,48,Male,Silver
0028460294,48,Male,Tin
0027735621,48,Male,Gold
0003591565,48,Male,Tin
0029966396,48,Male,Tin
0026515423,48,Male,Gold
0035512144,48,Male,Tin
0030863562,48,Male,Silver
0030416868,48,Male,Gold
0012896756,48,Male,Gold
0004034139,48,Male,Tin
0040627162,48,Male,Tin
0028933397,48,Male,Silver
0028967933,48,Male,Silver
0003561275,48,Male,Tin
0003528006,48,Male,Gold
0023226536,48,Male,Silver
0003625419,48,Male,Silver
0033938632,48,U,Gold
0009935797,48,U,Silver
0050857220,48,U,Silver
0030911427,47,Female,Silver
0038490699,47,Female,Silver
0037177750,47,Female,Platinum
0019875770,47,Female,Tin
0004597990,47,Female,Tin
0037037885,47,Female,Tin
0029532388,47,Female,Gold
0034830533,47,Female,Tin
0030314593,47,Female,Tin
0033128428,47,Female,Tin
0013556282,47,Female,Tin
0037807320,47,Female,Silver
0033908873,47,Female,Tin
0029687896,47,Female,Tin
0042955752,47,Female,Silver
0049032684,47,Female,Silver
0024653187,47,Female,Gold
0003725677,47,Female,Silver
0049453760,47,Female,Tin
0044415542,47,Female,Tin
0044077019,47,Female,Gold
0042409170,47,Female,Tin
0018348688,47,Female,Silver
0035126708,47,Female,Silver
0017962862,47,Female,Gold
0015355071,47,Female,Silver
0007879474,47,Female,Tin
0014029510,47,Female,Silver
0024109517,47,Male,Tin
0030343720,47,Male,Tin
0023446110,47,Male,Silver
0009716440,47,Male,Tin
0052682355,47,Male,Tin
0012045918,47,U,Silver
0025412922,47,U,Tin
0004753100,47,U,Tin
0046931580,47,U,Tin
0006825133,46,Female,Silver
0017269296,46,Female,Tin
0035841652,46,Female,Silver
0007513887,46,Female,Tin
0009848975,46,Female,Gold
0013666487,46,Female,Gold
0013535668,46,Female,Tin
0029312426,46,Female,Silver
0030301637,46,Female,Tin
0031992397,46,Female,Silver
0017294142,46,Female,Silver
0003479013,46,Female,Tin
0034867771,46,Female,Tin
0015628043,46,Female,Tin
0016654331,46,Female,Silver
0035124187,46,Female,Tin
0029734339,46,Female,Gold
0025048643,46,Female,Silver
0006291058,46,Female,Silver
0011877561,46,Male,Silver
0040460292,46,Male,Tin
0007371365,46,Male,Tin
0044144581,46,Male,Tin
0050870928,46,Male,Silver
0044230895,46,Male,Gold
0030510686,46,U,Silver
0030814987,46,U,Gold
0008667187,46,U,Tin
0010879943,45,Female,Tin
0000357898,45,Female,Tin
0008656185,45,Female,Tin
0037666475,45,Female,Gold
0033288190,45,Female,Tin
0052234034,45,Female,Tin
0000503053,45,Female,Silver
0046330200,45,Female,Tin
0043917625,45,Female,Tin
0036898070,45,Female,Tin
0000252646,45,Female,Silver
0052746744,45,Female,Tin
0035644342,45,Female,Silver
0028720415,45,Female,Tin
0007890915,45,Female,Gold
0028749634,45,Female,Silver
0017962382,45,Female,Tin
0017234360,45,Female,Silver
0029524288,45,Female,Tin
0003848337,45,Female,Silver
0007403550,45,Male,Silver
0021224978,45,Male,Tin
0008513643,45,Male,Tin
0034488991,45,Male,Tin
0033920822,45,Male,Platinum
0017019508,45,Male,Silver
0028432444,45,Male,Silver
0016619064,45,Male,Silver
0014201135,45,Male,Silver
0043563637,45,Male,Tin
0006642128,45,U,Silver
0030501598,45,U,Silver
0006879926,44,Female,Silver
0019923783,44,Female,Tin
0052501970,44,Female,Gold
0028670248,44,Female,Silver
0026682575,44,Female,Gold
0031466784,44,Female,Tin
0039928345,44,Female,Silver
0007013965,44,Female,Gold
0011415975,44,Female,Tin
0011198850,44,Female,Tin
0026670240,44,Female,Tin
0030894409,44,Female,Gold
0028507525,44,Female,Tin
0002095491,44,Female,Tin
0012454516,44,Female,Tin
0007937253,44,Female,Tin
0019815336,44,Female,Tin
0008645124,44,Female,Tin
0013724169,44,Female,Tin
0026866986,44,Female,Tin
0018563848,44,Female,Silver
0012882879,44,Female,Silver
0012001120,44,Female,Tin
0044419130,44,Female,Silver
0000046906,44,Female,Silver
0001719211,44,Female,Silver
0034649243,44,Female,Tin
0028842588,44,Female,Tin
0005559588,44,Female,Silver
0018865720,44,Female,Silver
0026277522,44,Male,Tin
0038657380,44,Male,Gold
0028592026,44,Male,Silver
0034902623,44,Male,Tin
0022106189,44,Male,Tin
0041142960,44,Male,Tin
0029449049,44,Male,Silver
0039219883,44,Male,Gold
0035536710,44,Male,Silver
0038985124,44,U,Tin
0030189977,44,U,Tin
0018640923,44,U,Silver
0033022913,44,U,Silver
0010586121,43,Female,Silver
0048613004,43,Female,Silver
0034920346,43,Female,Silver
0006221475,43,Female,Tin
0047591961,43,Female,Silver
0008599491,43,Female,Tin
0007629230,43,Female,Silver
0027509028,43,Female,Tin
0016647637,43,Female,Tin
0033319835,43,Female,Tin
0039204452,43,Female,Tin
0039349795,43,Female,Silver
0051418794,43,Female,Silver
0045181944,43,Female,Tin
0003120082,43,Female,Tin
0048859739,43,Female,Silver
0049048602,43,Female,Tin
0028309820,43,Female,Tin
0047420245,43,Female,Silver
0028446925,43,Female,Gold
0018446272,43,Female,Silver
0006643787,43,Female,Gold
0035079319,43,Female,Silver
0000027715,43,Male,Tin
0037808342,43,Male,Tin
0038087134,43,Male,Tin
0010306765,43,Male,Silver
0000467812,43,Male,Tin
0041677082,43,Male,Silver
0031645867,43,U,Tin
0052145473,42,Female,Silver
0046335899,42,Female,Silver
0045179419,42,Female,Tin
0048458327,42,Female,Silver
0041364297,42,Female,Silver
0016142756,42,Female,Silver
0018639976,42,Female,Tin
0019526695,42,Female,Silver
0032997724,42,Female,Tin
0031894107,42,Female,Silver
0047742021,42,Female,Gold
0033787006,42,Female,Silver
0000755931,42,Female,Tin
0037213683,42,Female,Tin
0050285910,42,Female,Tin
0036976950,42,Male,Tin
0031599814,42,Male,Tin
0018809936,42,Male,Tin
0000952729,42,Male,Gold
0016443993,42,Male,Gold
0013707345,42,Male,Silver
0034579342,42,Male,Tin
0046872886,42,Male,Silver
0013699717,42,Male,Tin
0042023787,42,Male,Tin
0030653150,42,Male,Silver
0006732674,42,Male,Tin
0001953516,42,U,Tin
0010186409,41,Female,Tin
0009487123,41,Female,Silver
0034438765,41,Female,Silver
0035292691,41,Female,Tin
0002958864,41,Female,Gold
0048669611,41,Female,Tin
0006041922,41,Female,Silver
0012942049,41,Female,Silver
0009145419,41,Female,Gold
0001496115,41,Female,Tin
0014505959,41,Female,Gold
0011523395,41,Female,Tin
0034784124,41,Female,Silver
0006779875,41,Female,Silver
0017314313,41,Female,Gold
0035314849,41,Female,Gold
0033356170,41,Female,Tin
0017781353,41,Female,Silver
0018800602,41,Male,Tin
0007900724,41,Male,Tin
0037949353,41,Male,Tin
0042184624,41,Male,Tin
0035502572,41,Male,Tin
0052782970,41,Male,Silver
0013998668,41,Male,Tin
0015570649,41,U,Tin
0007836988,40,Female,Silver
0004544676,40,Female,Gold
0029974038,40,Female,Tin
0035945130,40,Female,Tin
0018581420,40,Female,Silver
0016003950,40,Female,Tin
0003909190,40,Female,Tin
0040645616,40,Female,Tin
0035771867,40,Female,Tin
0029947162,40,Female,Tin
0003958051,40,Female,Tin
0027453960,40,Female,Gold
0052701015,40,Female,Silver
0031774578,40,Female,Tin
0000165808,40,Female,Silver
0018426808,40,Female,Silver
0009511849,40,Female,Silver
0016764560,40,Female,Tin
0032809928,40,Female,Silver
0028536703,40,Female,Tin
0007008120,40,Male,Tin
0041890550,40,Male,Tin
0039404206,40,Male,Tin
0044318024,40,Male,Silver
0014680696,40,Male,Gold
0017861748,40,Male,Gold
0006207642,40,U,Silver
0051362730,40,U,Tin
0010069003,39,Female,Gold
0027545040,39,Female,Tin
0043321854,39,Female,Tin
0052288215,39,Female,Silver
0052213339,39,Female,Gold
0016658582,39,Female,Gold
0030842425,39,Female,Tin
0050879070,39,Female,Tin
0011017376,39,Female,Tin
0001979671,39,Female,Tin
0047320895,39,Female,Tin
0029035341,39,Female,Silver
0029953529,39,Female,Gold
0050709760,39,Female,Silver
0038321510,39,Female,Tin
0011790156,39,Female,Tin
0035827234,39,Female,Silver
0041428716,39,Female,Tin
0003889203,39,Female,Silver
0051028988,39,Female,Silver
0046537408,39,Female,Silver
0045005542,39,Male,Tin
0025416081,39,Male,Silver
0000345865,39,Male,Gold
0010567631,39,Male,Silver
0005398339,39,Male,Silver
0033521243,39,Male,Silver
0010179933,39,Male,Gold
0044395460,39,Male,Silver
0033117868,39,Male,Tin
0001097474,39,Male,Tin
0029854709,39,Male,Silver
0028316614,39,U,Tin
0031727553,39,U,Silver
0041820748,38,Female,Tin
0047077885,38,Female,Silver
0009518304,38,Female,Tin
0003605728,38,Female,Silver
0010038434,38,Female,Tin
0044194074,38,Female,Tin
0032943187,38,Female,Tin
0033241151,38,Female,Gold
0045016242,38,Female,Silver
0011541148,38,Female,Tin
0035093184,38,Female,Tin
0037342599,38,Female,Tin
0035782460,38,Female,Tin
0025879359,38,Female,Tin
0033084552,38,Female,Silver
0001798863,38,Female,Tin
0040577459,38,Male,Tin
0014987686,38,Male,Silver
0018503217,38,Male,Tin
0034403821,38,Male,Tin
0014976749,38,Male,Gold
0010079130,38,Male,Tin
0012064904,38,Male,Silver
0049182120,38,Male,Silver
0048371078,38,U,Silver
0025343300,37,Female,Silver
0011999969,37,Female,Silver
0014405938,37,Female,Tin
0028464370,37,Female,Silver
0028819241,37,Female,Silver
0015595641,37,Female,Silver
0010073906,37,Female,Tin
0043634070,37,Female,Silver
0018189768,37,Female,Silver
0037302198,37,Female,Silver
0039734109,37,Female,Silver
0038198718,37,Female,Tin
0052160650,37,Female,Silver
0030468574,37,Female,Silver
0036010495,37,Female,Silver
0003704106,37,Female,Silver
0001645110,37,Female,Tin
0029072719,37,Female,Silver
0012160814,37,Female,Tin
0026490579,37,Female,Silver
0034707170,37,Male,Tin
0003874729,37,Male,Silver
0007881207,37,Male,Tin
0039363291,37,U,Silver
0030685729,36,Female,Tin
0005221862,36,Female,Silver
0031837154,36,Female,Tin
0009915923,36,Female,Silver
0007010451,36,Female,Silver
0028523962,36,Female,Tin
0029990661,36,Female,Tin
0018146309,36,Female,Gold
0014645734,36,Female,Silver
0036391286,36,Female,Tin
0020498853,36,Female,Silver
0012180297,36,Female,Silver
0026461501,36,Female,Gold
0038096397,36,Female,Tin
0034871540,36,Female,Tin
0018220312,36,Female,Tin
0034715025,36,Female,Tin
0019482663,36,Female,Silver
0018425895,36,Male,Silver
0048641920,36,Male,Silver
0009544119,36,Male,Silver
0015234398,36,Male,Tin
0005999715,36,U,Silver
0006908780,36,U,Tin
0031992931,36,U,Tin
0015295605,36,U,Tin
0023937114,36,U,Tin
0003788970,35,Female,Silver
0034872597,35,Female,Tin
0047580692,35,Female,Silver
0030004594,35,Female,Tin
0036142111,35,Female,Silver
0049806531,35,Female,Silver
0011133767,35,Female,Tin
0011732857,35,Female,Tin
0030040345,35,Female,Silver
0021582653,35,Female,Silver
0022280022,35,Female,Tin
0010505865,35,Female,Tin
0034851921,35,Female,Tin
0004204433,35,Female,Tin
0032938990,35,Female,Tin
0049024983,35,Female,Tin
0018759068,35,Female,Tin
0004716639,35,Female,Gold
0028199804,35,Female,Silver
0026071231,35,Female,Tin
0028273753,35,Female,Tin
0043085638,35,Female,Tin
0012431222,35,Female,Silver
0007063059,35,Female,Tin
0011170808,35,Female,Silver
0018354505,35,Female,Tin
0020126093,35,Female,Tin
0021625549,35,Male,Silver
0029319439,35,Male,Tin
0011312122,35,Male,Silver
0013084488,35,Male,Tin
0008514674,35,Male,Tin
0049713835,35,U,Silver
0042261726,34,Female,Platinum
0035331964,34,Female,Silver
0028923537,34,Female,Tin
0049652828,34,Female,Tin
0005312256,34,Female,Silver
0002138107,34,Female,Tin
0013284282,34,Female,Silver
0015139182,34,Male,Tin
0036269898,34,Male,Tin
0014278863,34,Male,Gold
0052663431,34,U,Gold
0032490611,34,U,Gold
0034878390,33,Female,Silver
0041172819,33,Female,Silver
0035169652,33,Female,Gold
0029804396,33,Female,Tin
0009939385,33,Female,Silver
0011051493,33,Female,Tin
0030064945,33,Female,Silver
0001823981,33,Female,Tin
0044866560,33,Female,Tin
0001943634,33,Female,Tin
0028523121,33,Female,Tin
0049134177,33,Female,Silver
0012045578,33,Female,Silver
0031940494,33,Female,Silver
0045397483,33,Female,Silver
0016839269,33,Male,Silver
0006794947,33,Male,Silver
0006185797,33,Male,Silver
0030290201,33,Male,Tin
0017059526,33,U,Tin
0029568730,33,U,Tin
0003529657,32,Female,Gold
0003010457,32,Female,Silver
0013793896,32,Female,Silver
0017427452,32,Female,Tin
0044118718,32,Female,Silver
0027412733,32,Female,Silver
0050651690,32,Female,Silver
0007395248,32,Female,Silver
0014215756,32,Female,Silver
0008128154,32,Female,Silver
0047032270,32,Female,Tin
0042594091,32,Female,Tin
0014437325,32,Female,Silver
0012000922,32,Female,Tin
0028906608,32,Female,Tin
0049271719,32,Male,Tin
0009867996,32,Male,Silver
0006543995,32,Male,Tin
0043521187,32,Male,Tin
0012352470,32,Male,Silver
0048732291,32,Male,Tin
0027296857,32,Male,Tin
0028529650,32,Male,Tin
0007190565,31,Female,Silver
0046844122,31,Female,Tin
0031666090,31,Female,Tin
0012546143,31,Female,Silver
0033848773,31,Female,Tin
0009664378,31,Female,Silver
0012633844,31,Female,Silver
0034079846,31,Female,Silver
0029827566,31,Female,Silver
0009617078,31,Male,Tin
0006665977,31,Male,Silver
0017882249,31,Male,Tin
0004399846,30,Female,Silver
0045993922,30,Female,Tin
0041109645,30,Female,Tin
0037966827,30,Female,Silver
0009484396,30,Female,Tin
0002038765,30,Female,Tin
0031689473,30,Female,Tin
0010738606,30,Female,Silver
0006764606,30,Female,Silver
0028574079,30,Male,Silver
0045062988,30,Male,Tin
0047138736,30,U,Silver
0014763559,30,U,Silver
0011670991,29,Female,Silver
0001587250,29,Female,Silver
0026157772,29,Female,Tin
0003646580,29,Female,Silver
0009509569,29,Male,Tin
0045489752,28,Female,Tin
0010144099,28,Female,Tin
0043541064,28,Female,Tin
0034367612,28,Female,Tin
0010094202,28,Female,Silver
0038694332,27,Female,Silver
0033730055,27,Female,Silver
0048326480,27,Female,Tin
0049924577,27,Female,Tin
0047852676,26,Female,Silver
0003690415,26,Female,Tin
0028606809,25,Female,Silver
0018330142,25,Female,Silver
0008663580,25,Female,Gold
0037610968,25,Male,Tin
0049492650,25,Male,Silver
0033435169,24,Female,Tin
0039645033,24,Male,Silver
0035754768,23,Female,Silver
0002222930,23,Female,Silver
0003565556,23,Male,Silver
0037409448,22,Female,Gold
0003932680,22,Female,Silver
0046104293,22,Female,Silver
0039652390,18,U,Silver
